lat,lon,ele,day,time
0.7502190975547404,0.7561938657298001,1850.2,2024-07-02,03:56:14
0.7502246477017617,0.7561940402627252,1852.6,2024-07-02,03:56:44
0.7502311926864565,0.7561880712366834,1838.7,2024-07-02,03:57:14
0.7502350673173961,0.7561791002443281,1838.7,2024-07-02,03:57:44
0.7502400415057642,0.7561718047680548,1834.8,2024-07-02,03:58:14
0.7502449633342548,0.7561651376103122,1830.5,2024-07-02,03:58:44
0.7502479478472759,0.7561565505903923,1822.8,2024-07-02,03:59:14
0.750250705467494,0.7561475446914522,1817.5,2024-07-02,03:59:44
0.7502543532056306,0.7561390798445798,1813.2,2024-07-02,04:00:14
0.7502581754766925,0.7561309815168505,1808.9,2024-07-02,04:00:44
0.7502630623985981,0.7561232671615568,1804.0,2024-07-02,04:01:14
0.7502676700678234,0.7561159716852835,1799.7,2024-07-02,04:01:44
0.7502717715915656,0.7561076115581665,1793.5,2024-07-02,04:02:14
0.7502751924368996,0.7560985183927635,1790.1,2024-07-02,04:02:44
0.7502783863894307,0.7560898441063811,1784.3,2024-07-02,04:03:14
0.7502832907646287,0.756081379259509,1780.5,2024-07-02,04:03:44
0.7502885267523847,0.7560737521706777,1775.2,2024-07-02,04:04:14
0.7502943212455013,0.7560678005979284,1770.9,2024-07-02,04:04:44
0.750300185551788,0.7560621980910295,1765.1,2024-07-02,04:05:14
0.7503067479897755,0.7560569446499811,1762.7,2024-07-02,04:05:44
0.7503122283236268,0.7560506091047963,1760.3,2024-07-02,04:06:14
0.7503175864844304,0.7560429645626726,1757.9,2024-07-02,04:06:44
0.7503238347631525,0.756039421544291,1755.5,2024-07-02,04:07:14
0.7503310429729633,0.756035459646889,1753.6,2024-07-02,04:07:44
0.7503373261582704,0.7560313755764394,1750.2,2024-07-02,04:08:14
0.7503438711429654,0.7560273613191597,1748.3,2024-07-02,04:08:44
0.750348286825973,0.7560191233650904,1743.5,2024-07-02,04:09:14
0.7503529468550758,0.7560116009960142,1736.3,2024-07-02,04:09:44
0.7503582177494168,0.7560042880664485,1733.4,2024-07-02,04:10:14
0.7503632617509551,0.7559966260710321,1730.0,2024-07-02,04:10:44
0.7503679566866429,0.7559893305947589,1724.7,2024-07-02,04:11:14
0.7503729832348888,0.7559819303987303,1720.4,2024-07-02,04:11:44
0.750377730530454,0.755974268403314,1718.0,2024-07-02,04:12:14
0.7503818146009037,0.7559664493282652,1715.6,2024-07-02,04:12:44
0.7503856019653805,0.7559582462807808,1713.7,2024-07-02,04:13:14
0.7503894067831499,0.7559493974614733,1711.3,2024-07-02,04:13:44
0.7503932988673818,0.7559406533619207,1708.9,2024-07-02,04:14:14
0.7503974702042941,0.7559329739132118,1706.5,2024-07-02,04:14:44
0.7504017462609615,0.7559256609836459,1696.9,2024-07-02,04:15:14
0.750406964795425,0.7559201457432098,1686.3,2024-07-02,04:15:44
0.7504140682854806,0.7559189414660259,1687.2,2024-07-02,04:16:14
0.7504215732012642,0.7559188891061482,1691.1,2024-07-02,04:16:44
0.7504285894248572,0.7559195174246789,1691.6,2024-07-02,04:17:14
0.7504360419807632,0.7559214023802712,1690.1,2024-07-02,04:17:44
0.7504426218720431,0.7559246312393874,1689.2,2024-07-02,04:18:14
0.7504491668567382,0.7559281742577689,1687.7,2024-07-02,04:18:44
0.7504556245749706,0.7559321361551709,1685.3,2024-07-02,04:19:14
0.7504621695596656,0.7559350508550218,1684.8,2024-07-02,04:19:44
0.7504694126760615,0.7559354348274572,1682.4,2024-07-02,04:20:14
0.7504763590864844,0.755937075436954,1681.0,2024-07-02,04:20:44
0.7504818743269206,0.755942712850438,1680.0,2024-07-02,04:21:14
0.7504880702457651,0.7559458544430915,1675.2,2024-07-02,04:21:44
0.7504950166561882,0.7559473030663707,1670.0,2024-07-02,04:22:14
0.7505016314540532,0.7559464827616224,1665.6,2024-07-02,04:22:44
0.7505085255045986,0.7559453832041936,1659.8,2024-07-02,04:23:14
0.7505148435964908,0.7559443185533498,1654.1,2024-07-02,04:23:44
0.750521528207526,0.7559428873833632,1651.2,2024-07-02,04:24:14
0.7505286666041665,0.7559428350234856,1647.4,2024-07-02,04:24:44
0.7505357700942222,0.7559444407263975,1647.8,2024-07-02,04:25:14
0.7505428037711078,0.7559460813358944,1654.1,2024-07-02,04:25:44
0.7505497501815307,0.7559480535579491,1657.9,2024-07-02,04:26:14
0.7505565918721985,0.7559506366452422,1653.1,2024-07-02,04:26:44
0.7505630670437233,0.7559533419055826,1649.8,2024-07-02,04:27:14
0.7505699610942688,0.7559556806467804,1651.2,2024-07-02,04:27:44
0.7505771169442018,0.7559578099484677,1648.3,2024-07-02,04:28:14
0.7505840633546248,0.7559609515411214,1645.4,2024-07-02,04:28:44
0.7505897182214014,0.7559651926912037,1647.4,2024-07-02,04:29:14
0.7505923013086944,0.7559673394461837,1648.3,2024-07-02,04:29:44
0.7505978340024231,0.7559729244997901,1644.0,2024-07-02,04:30:14
0.7506039077482202,0.7559780034079133,1637.3,2024-07-02,04:30:44
0.7506114475705885,0.7559814242532473,1637.3,2024-07-02,04:31:14
0.750618708140277,0.7559826285304311,1632.0,2024-07-02,04:31:44
0.750619580804903,0.7559804817754511,1635.3,2024-07-02,04:32:14
0.7506180274618686,0.7559743905763617,1643.5,2024-07-02,04:32:44
0.7506188826732022,0.7559726801536948,1637.3,2024-07-02,04:33:14
0.750620017137216,0.7559716853160211,1636.8,2024-07-02,04:33:44
0.7506196331647804,0.755969765453844,1646.9,2024-07-02,04:34:14
0.7506197029779504,0.7559685088167825,1653.6,2024-07-02,04:34:44
0.7506193888186853,0.7559667285809454,1659.4,2024-07-02,04:35:14
0.7506208025353793,0.7559651228780336,1660.8,2024-07-02,04:35:44
0.7506206105491616,0.7559632728290264,1663.2,2024-07-02,04:36:14
0.7506193713653927,0.7559606024752711,1670.4,2024-07-02,04:36:44
0.750619039752835,0.7559587698795563,1673.3,2024-07-02,04:37:14
0.7506186557803993,0.7559582811873659,1679.6,2024-07-02,04:37:44
0.7506175911295555,0.7559567627509166,1683.4,2024-07-02,04:38:14
0.7506168580912699,0.7559552094078823,1685.3,2024-07-02,04:38:44
0.7506151825751879,0.7559548777953243,1686.8,2024-07-02,04:39:14
0.7506139957512965,0.7559524866942493,1693.0,2024-07-02,04:39:44
0.7506131056333781,0.7559503050326842,1696.4,2024-07-02,04:40:14
0.7506119362627792,0.755948786596235,1699.8,2024-07-02,04:40:44
0.7506112206777859,0.7559471459867382,1706.0,2024-07-02,04:41:14
0.7506101560269423,0.7559451563113907,1711.8,2024-07-02,04:41:44
0.7506093008156087,0.7559426604905604,1713.7,2024-07-02,04:42:14
0.7506082187114725,0.755940566095458,1717.5,2024-07-02,04:42:44
0.7506082710713501,0.755939658524247,1714.7,2024-07-02,04:43:14
0.7506081663515949,0.7559395538044918,1712.2,2024-07-02,04:54:14
0.7506069097145335,0.7559376339423147,1711.3,2024-07-02,04:54:44
0.7506039601080976,0.7559328866467493,1714.2,2024-07-02,04:55:14
0.7506070667941661,0.7559337942179604,1717.0,2024-07-02,04:55:44
0.7506103131065749,0.7559363598519607,1718.0,2024-07-02,04:56:14
0.7506131230866706,0.755938785859621,1719.5,2024-07-02,04:56:44
0.7506166486517595,0.7559403217493628,1722.3,2024-07-02,04:57:14
0.750619982230631,0.7559431491827511,1724.7,2024-07-02,04:57:44
0.7506227573041416,0.7559412642271588,1730.5,2024-07-02,04:58:14
0.7506255847375298,0.7559412816804514,1734.4,2024-07-02,04:58:44
0.7506277140392174,0.7559427652103157,1733.4,2024-07-02,04:59:14
0.7506311872444288,0.755944929418588,1735.3,2024-07-02,04:59:44
0.7506339274113543,0.7559465525747925,1732.4,2024-07-02,05:00:14
0.7506365279519399,0.7559466223879625,1737.2,2024-07-02,05:00:44
0.7506388143332601,0.7559476172256361,1738.2,2024-07-02,05:01:14
0.7506407167421446,0.7559453482976085,1744.0,2024-07-02,05:01:44
0.7506422526318863,0.7559475299591736,1744.9,2024-07-02,05:02:14
0.7506451324251521,0.7559469365472279,1747.3,2024-07-02,05:02:44
0.7506475409795199,0.7559451912179758,1751.2,2024-07-02,05:03:14
0.7506478725920778,0.7559428524767782,1754.5,2024-07-02,05:03:44
0.7506496877344999,0.7559420147187372,1757.0,2024-07-02,05:04:14
0.750651607596677,0.7559413340403289,1760.8,2024-07-02,05:04:44
0.7506526547942282,0.7559426430372679,1762.7,2024-07-02,05:05:14
0.7506560581862698,0.7559424859576354,1761.3,2024-07-02,05:05:44
0.7506595837513587,0.7559413340403289,1762.7,2024-07-02,05:06:14
0.7506623239182842,0.7559410373343561,1766.6,2024-07-02,05:06:44
0.7506648371924071,0.7559400774032675,1768.0,2024-07-02,05:07:14
0.750667751892258,0.7559381924476754,1773.3,2024-07-02,05:07:44
0.7506680835048158,0.7559381924476754,1772.3,2024-07-02,05:08:44
0.7506687467299317,0.7559384193404781,1777.6,2024-07-02,05:09:44
0.7506721675752657,0.7559389603925463,1771.8,2024-07-02,05:10:14
0.7506756582337696,0.7559415434798393,1768.5,2024-07-02,05:10:44
0.7506787823731306,0.7559408453481384,1762.2,2024-07-02,05:11:14
0.7506826919106551,0.7559408802547234,1755.0,2024-07-02,05:11:44
0.7506869330607374,0.755939658524247,1751.2,2024-07-02,05:12:14
0.7506891496288874,0.7559404264691179,1750.7,2024-07-02,05:12:44
0.7506896208677856,0.7559410722409412,1754.1,2024-07-02,05:13:14
0.75069138365033,0.7559413689469139,1748.3,2024-07-02,05:13:44
0.7506934780454324,0.7559412816804514,1746.4,2024-07-02,05:14:14
0.7506960436794329,0.7559412293205737,1747.3,2024-07-02,05:14:44
0.7506999706702498,0.7559422241582475,1749.3,2024-07-02,05:15:14
0.7507041769137471,0.7559436902348191,1744.5,2024-07-02,05:15:44
0.7507081213578567,0.7559436727815266,1737.7,2024-07-02,05:16:14
0.7507109313379524,0.7559455751904114,1732.4,2024-07-02,05:16:44
0.7507109836978298,0.7559457322700439,1732.9,2024-07-02,05:17:14
0.750711088417585,0.7559455402838263,1732.0,2024-07-02,05:17:44
0.7507112629505103,0.7559452784844385,1729.5,2024-07-02,05:18:14
0.750714072930606,0.7559461162424794,1727.6,2024-07-02,05:18:44
0.7507189423992191,0.7559489262225751,1716.1,2024-07-02,05:19:14
0.750723672241492,0.755954493822889,1715.1,2024-07-02,05:19:44
0.7507263251419549,0.7559569023772567,1722.3,2024-07-02,05:20:14
0.750728070471207,0.7559580892011482,1729.1,2024-07-02,05:20:44
0.7507304790255747,0.755958019387978,1732.9,2024-07-02,05:21:14
0.7507324687009219,0.7559605850219784,1738.7,2024-07-02,05:21:44
0.7507342489367589,0.755962277991353,1737.7,2024-07-02,05:22:14
0.7507357499199158,0.7559629412164686,1733.9,2024-07-02,05:22:44
0.7507390660454945,0.7559651403313261,1732.0,2024-07-02,05:23:14
0.7507402179628009,0.7559675314324014,1735.8,2024-07-02,05:23:44
0.7507403750424334,0.7559669729270407,1739.2,2024-07-02,05:24:14
0.7507404797621886,0.7559670078336258,1740.6,2024-07-02,05:24:44
0.7507408462813315,0.7559664667815575,1739.6,2024-07-02,05:25:14
0.7507420505585153,0.75596849136349,1739.6,2024-07-02,05:25:44
0.7507441973134953,0.7559716504094361,1740.6,2024-07-02,05:26:14
0.7507464836948154,0.7559744603895319,1744.5,2024-07-02,05:26:44
0.7507499219934419,0.7559748967218449,1743.5,2024-07-02,05:27:14
0.7507524178142722,0.7559768514906071,1744.0,2024-07-02,05:27:44
0.7507555070470482,0.7559790331521721,1743.0,2024-07-02,05:28:14
0.7507557513931435,0.7559818256789752,1744.5,2024-07-02,05:28:43
0.7507565542445994,0.755982052571778,1745.4,2024-07-02,05:29:17
0.7507568858571573,0.7559821572915332,1746.8,2024-07-02,05:30:17
0.7507595387576204,0.7559842516866354,1744.0,2024-07-02,05:30:47
0.750761109553947,0.7559855083236969,1744.5,2024-07-02,05:31:17
0.7507631864957571,0.755986555521248,1748.8,2024-07-02,05:31:47
0.7507651238112267,0.7559898541935343,1742.5,2024-07-02,05:32:17
0.7507663455417031,0.7559907792180379,1740.6,2024-07-02,05:32:47
0.7507686493763158,0.7559913202701061,1735.8,2024-07-02,05:33:17
0.750769399867894,0.7559917042425415,1739.6,2024-07-02,05:34:17
0.750769225334969,0.7559916867892491,1738.7,2024-07-02,05:46:47
0.7507702899858126,0.7559915122563238,1738.2,2024-07-02,05:47:17
0.750770639051663,0.755992489640705,1739.6,2024-07-02,05:47:47
0.7507725240072551,0.7559937637310589,1741.1,2024-07-02,05:48:17
0.7507747929352828,0.7559943920495897,1735.8,2024-07-02,05:48:47
0.750776276465147,0.7559947236621475,1734.4,2024-07-02,05:49:17
0.7507792609781679,0.7559962770051818,1733.9,2024-07-02,05:49:47
0.7507796973104809,0.7559976732685831,1729.5,2024-07-02,05:50:17
0.7507814775463179,0.7559969751368826,1732.0,2024-07-02,05:50:47
0.7507832054222774,0.7559989648122298,1732.9,2024-07-02,05:51:17
0.7507859106826179,0.7559999596499034,1731.0,2024-07-02,05:51:47
0.7507861201221284,0.7560011813803799,1729.5,2024-07-02,05:52:17
0.7507879003579654,0.7560018795120806,1730.0,2024-07-02,05:52:47
0.7507885810363736,0.7560025078306113,1729.1,2024-07-02,05:53:17
0.7507909546841564,0.7560030837892646,1726.7,2024-07-02,05:53:47
0.7507928745463335,0.7560055796100948,1720.9,2024-07-02,05:54:17
0.7507953878204563,0.7560075169255647,1715.1,2024-07-02,05:54:47
0.7507980581742119,0.7560092273482316,1713.2,2024-07-02,05:55:17
0.7508001351160217,0.7560103443589528,1710.8,2024-07-02,05:55:47
0.750803800307451,0.756011827888817,1705.0,2024-07-02,05:56:17
0.7508045333457367,0.7560113566499189,1703.6,2024-07-02,05:56:47
0.7508074829521726,0.7560122467678375,1702.6,2024-07-02,05:57:17
0.7508093504544723,0.7560156850664639,1692.1,2024-07-02,05:57:47
0.7508118811818877,0.756015423267076,1684.8,2024-07-02,05:58:17
0.750814237376378,0.7560165053712125,1676.2,2024-07-02,05:58:47
0.7508186705126779,0.7560184252333896,1671.4,2024-07-02,05:59:17
0.750823539981291,0.7560185474064371,1672.8,2024-07-02,05:59:47
0.7508269782799174,0.7560204672686145,1670.0,2024-07-02,06:00:17
0.7508307132845167,0.7560226838367645,1661.8,2024-07-02,06:00:47
0.7508343959292383,0.7560231201690775,1657.9,2024-07-02,06:01:17
0.7508390559583412,0.7560230154493223,1656.5,2024-07-02,06:01:47
0.7508425989767228,0.7560235390480978,1655.0,2024-07-02,06:02:17
0.7508445013856074,0.7560244291660164,1663.2,2024-07-02,06:02:47
0.7508443617592673,0.7560242895396763,1665.1,2024-07-02,06:03:17
0.7508475033519209,0.7560244117127238,1662.3,2024-07-02,06:03:47
0.7508514128894453,0.7560261046820983,1654.1,2024-07-02,06:04:17
0.7508559507455006,0.7560306774447385,1652.6,2024-07-02,06:04:47
0.7508583418465758,0.7560373446024812,1646.4,2024-07-02,06:05:17
0.750860331521923,0.7560427900297474,1637.7,2024-07-02,06:05:47
0.7508623211972703,0.7560474675121427,1625.2,2024-07-02,06:06:17
0.7508632113151888,0.7560482878168913,1622.8,2024-07-02,06:06:47
0.7508663703611349,0.7560526685933137,1613.7,2024-07-02,06:07:17
0.7508699831926866,0.7560534714447695,1609.4,2024-07-02,06:07:47
0.7508741021697213,0.7560565955841306,1600.7,2024-07-02,06:08:17
0.7508790065449195,0.7560585503528928,1601.7,2024-07-02,06:08:47
0.7508849057577911,0.756060801827628,1606.5,2024-07-02,06:09:17
0.7508870874193562,0.7560603480420224,1607.5,2024-07-02,06:09:47
0.7508889898282408,0.756059021591791,1610.8,2024-07-02,06:10:17
0.7508903162784724,0.7560606796545802,1612.3,2024-07-02,06:10:47
0.7508940687363641,0.7560632278352882,1600.7,2024-07-02,06:11:17
0.7508991825510724,0.7560652524172204,1594.5,2024-07-02,06:11:47
0.7509038251268827,0.7560664217878194,1588.7,2024-07-02,06:12:17
0.7509092007409789,0.7560676958781734,1589.2,2024-07-02,06:12:47
0.7509123772402175,0.756069563380473,1584.4,2024-07-02,06:13:17
0.7509148905143403,0.7560712039899699,1583.4,2024-07-02,06:13:47
0.7509187476919874,0.7560741710496982,1584.9,2024-07-02,06:14:17
0.7509238615066957,0.7560783772931954,1585.3,2024-07-02,06:14:47
0.7509282422831182,0.756082618443278,1583.9,2024-07-02,06:15:17
0.750932361260153,0.7560855331431288,1583.9,2024-07-02,06:15:47
0.7509384175526572,0.7560885351094421,1587.8,2024-07-02,06:16:17
0.7509446658313793,0.7560909960236875,1586.8,2024-07-02,06:16:47
0.7509507570304689,0.7560898266530885,1592.1,2024-07-02,06:17:17
0.7509563071774902,0.7560885525627348,1593.5,2024-07-02,06:17:47
0.750961909684389,0.7560881511370067,1593.5,2024-07-02,06:18:17
0.7509669013260498,0.7560863359945846,1592.6,2024-07-02,06:18:47
0.7509715788084451,0.7560858647556865,1596.9,2024-07-02,06:19:17
0.750973254324527,0.7560865628873873,1596.4,2024-07-02,06:19:47
0.7509773034883918,0.7560872784723808,1599.3,2024-07-02,06:20:17
0.7509807068804331,0.7560864407143398,1598.8,2024-07-02,06:20:47
0.7509809861331135,0.756089372867483,1599.8,2024-07-02,06:21:17
0.7509836564868689,0.7560905596913745,1598.3,2024-07-02,06:21:47
0.750984232445522,0.7560908389440548,1600.7,2024-07-02,06:33:17
0.7509864839202571,0.7560890936148029,1605.5,2024-07-02,06:33:47
0.7509885259554819,0.7560882034968843,1607.5,2024-07-02,06:34:17
0.7509910043230199,0.7560888841752925,1607.5,2024-07-02,06:34:47
0.7509937444899454,0.7560920257679461,1611.3,2024-07-02,06:35:17
0.7509958563383403,0.7560937187373207,1614.2,2024-07-02,06:35:47
0.7509977587472251,0.7560962320114434,1613.2,2024-07-02,06:36:17
0.7509980030933203,0.75609980993641,1612.8,2024-07-02,06:36:47
0.7510004814608583,0.7561002288154305,1611.8,2024-07-02,06:37:17
0.7510037103199744,0.7561009444004239,1619.5,2024-07-02,06:37:47
0.7510066948329953,0.756101118933349,1621.9,2024-07-02,06:38:17
0.7510067646461654,0.7561010142135939,1625.7,2024-07-02,06:38:47
0.7510076722173764,0.7561039812733222,1621.4,2024-07-02,06:39:17
0.7510101505849144,0.756104469965513,1627.7,2024-07-02,06:39:47
0.7510128209386697,0.7561051855505061,1627.2,2024-07-02,06:40:17
0.7510167130229016,0.7561051157373361,1639.2,2024-07-02,06:40:47
0.7510188074180042,0.7561055171630641,1640.2,2024-07-02,06:41:17
0.7510212334256644,0.7561053775367239,1639.2,2024-07-02,06:41:47
0.7510240084991752,0.7561060407618397,1637.7,2024-07-02,06:43:17
0.7510228391285763,0.7561084144096223,1642.1,2024-07-02,06:43:47
0.7510267661193932,0.756106861066588,1649.8,2024-07-02,06:44:17
0.7510288779677882,0.7561053949900164,1647.4,2024-07-02,06:44:47
0.7510308327365505,0.7561034925811317,1647.4,2024-07-02,06:45:17
0.7510319322939791,0.75610417325954,1652.6,2024-07-02,06:45:47
0.7510333111040882,0.7561049586577033,1657.0,2024-07-02,06:46:17
0.7510349168070001,0.7561054298966015,1660.3,2024-07-02,06:46:47
0.7510344979279795,0.7561048539379484,1660.3,2024-07-02,06:47:17
0.7510343583016393,0.7561045048720978,1658.4,2024-07-02,06:48:17
0.7510340965022515,0.7561041034463699,1654.1,2024-07-02,06:48:47
0.7510350389800478,0.7561038940068597,1654.1,2024-07-02,06:49:17
0.751036225803939,0.7561015552656619,1656.5,2024-07-02,06:49:47
0.7510373253613679,0.7561009967603013,1660.8,2024-07-02,06:50:17
0.7510376220673406,0.7560972443024098,1663.7,2024-07-02,06:50:47
0.7510382678391639,0.7560939805367083,1664.7,2024-07-02,06:51:17
0.751040082981586,0.7560923748337965,1668.0,2024-07-02,06:51:47
0.7510416886844979,0.7560895299471159,1673.3,2024-07-02,06:52:47
0.7510436958131376,0.7560883780298094,1675.2,2024-07-02,06:53:17
0.7510455284088522,0.7560893554141906,1681.5,2024-07-02,06:53:47
0.7510474133644442,0.7560881685902993,1684.4,2024-07-02,06:54:17
0.7510481813093152,0.7560855156898362,1684.4,2024-07-02,06:54:47
0.7510484605619955,0.7560860567419043,1690.6,2024-07-02,06:55:47
0.7510485652817508,0.7560862661814145,1696.4,2024-07-02,06:56:17
0.7510487223613833,0.7560867374203125,1699.3,2024-07-02,06:56:47
0.7510489667074787,0.756085306250326,1698.3,2024-07-02,06:57:17
0.7510509389295333,0.7560839448935094,1698.8,2024-07-02,06:57:47
0.7510512705420912,0.7560809778337809,1698.8,2024-07-02,06:58:17
0.7510520210336696,0.7560824090037677,1697.8,2024-07-02,06:58:47
0.7510533998437787,0.7560811174601211,1710.8,2024-07-02,07:01:17
0.7510553371592484,0.7560811174601211,1711.8,2024-07-02,07:01:47
0.7510568555956976,0.7560797910098896,1711.3,2024-07-02,07:02:17
0.7510571697549631,0.7560782725734403,1714.2,2024-07-02,07:02:47
0.7510588278177524,0.7560784994662432,1712.7,2024-07-02,07:03:17
0.7510587405512898,0.7560771381094267,1713.2,2024-07-02,07:03:47
0.7510591768836028,0.7560766494172361,1715.1,2024-07-02,07:04:17
0.7510605207871268,0.7560742757694533,1711.8,2024-07-02,07:04:47
0.7510611141990725,0.7560725653467864,1712.2,2024-07-02,07:05:17
0.751061061839195,0.7560727398797116,1716.1,2024-07-02,07:05:47
0.7510624581025965,0.7560733507449499,1720.9,2024-07-02,07:06:17
0.7510633656738076,0.7560728445994667,1734.8,2024-07-02,07:20:17
0.751064692124039,0.7560723559072762,1738.2,2024-07-02,07:20:47
0.7510661582006108,0.7560714832426502,1738.7,2024-07-02,07:21:17
0.7510674497442571,0.7560708723774121,1739.6,2024-07-02,07:21:47
0.7510684271286383,0.7560714832426502,1741.1,2024-07-02,07:22:17
0.7510688460076588,0.7560698775397382,1740.1,2024-07-02,07:22:47
0.7510686365681486,0.7560675387985406,1743.5,2024-07-02,07:23:17
0.7510684271286383,0.7560657585627036,1748.3,2024-07-02,07:23:47
0.7510683049555906,0.756064292486132,1750.7,2024-07-02,07:24:17
0.7510676940903526,0.7560618490251791,1756.5,2024-07-02,07:24:47
0.7510680606094954,0.7560615523192064,1759.8,2024-07-02,07:25:17
0.7510684620352234,0.7560610461737233,1761.3,2024-07-02,07:25:47
0.7510681304226655,0.7560597720833694,1766.6,2024-07-02,07:26:17
0.7510683573154683,0.7560577649547295,1766.6,2024-07-02,07:26:47
0.7510684096753459,0.7560564908643755,1766.1,2024-07-02,07:27:17
0.7510684620352234,0.7560545011890282,1767.5,2024-07-02,07:27:47
0.7510688809142438,0.7560540474034226,1769.0,2024-07-02,07:28:17
0.7510679209831552,0.7560529303927014,1774.7,2024-07-02,07:28:47
0.751068619114856,0.7560508010910141,1773.3,2024-07-02,07:29:17
0.7510691078070467,0.7560493524677349,1777.6,2024-07-02,07:29:47
0.7510689158208289,0.7560492128413947,1778.1,2024-07-02,07:30:47
0.7510703295375231,0.7560465424876391,1769.9,2024-07-02,07:31:17
0.751071673441047,0.7560446051721694,1771.4,2024-07-02,07:31:47
0.7510725984655506,0.756044221199734,1777.6,2024-07-02,07:33:17
0.7510734711301766,0.7560453207571628,1782.4,2024-07-02,07:33:47
0.7510738551026119,0.7560443957326594,1782.4,2024-07-02,07:34:17
0.7510725635589656,0.7560413763130532,1784.8,2024-07-02,07:34:47
0.7510725111990879,0.7560398753298966,1792.0,2024-07-02,07:35:17
0.7510735060367616,0.7560387583191753,1791.1,2024-07-02,07:35:47
0.7510734187702991,0.7560378856545493,1801.2,2024-07-02,07:36:17
0.751074832486993,0.7560361752318823,1798.3,2024-07-02,07:36:47
0.7510746055941905,0.7560364370312701,1800.7,2024-07-02,07:37:17
0.7510749197534557,0.7560353898337188,1802.1,2024-07-02,07:37:47
0.7510746928606531,0.7560337143176369,1802.1,2024-07-02,07:38:17
0.7510748150337007,0.7560324925871605,1801.7,2024-07-02,07:38:47
0.7510736282098093,0.7560313755764394,1803.6,2024-07-02,07:39:17
0.7510734013170065,0.7560296477004798,1807.4,2024-07-02,07:39:47
0.7510745357810203,0.756028583049636,1808.4,2024-07-02,07:40:17
0.7510748673935781,0.7560268551736767,1814.6,2024-07-02,07:40:47
0.7510759494977145,0.7560259301491731,1815.1,2024-07-02,07:41:17
0.7510762287503948,0.7560237833941931,1818.0,2024-07-02,07:41:47
0.7510771886814833,0.756023172528955,1816.1,2024-07-02,07:42:17
0.7510766650827078,0.7560222824110364,1820.4,2024-07-02,07:42:47
0.7510760193108846,0.7560221078781113,1825.7,2024-07-02,07:43:17
0.7510768745222179,0.7560208861476349,1828.6,2024-07-02,07:43:47
0.7510777820934289,0.7560184252333896,1827.6,2024-07-02,07:44:17
0.7510782882389121,0.75601669735743,1824.2,2024-07-02,07:44:47
0.7510794750628035,0.7560160166790217,1822.8,2024-07-02,07:45:17
0.7510792830765858,0.7560148647617154,1820.9,2024-07-02,07:45:47
0.751078584944885,0.7560123340343,1822.8,2024-07-02,07:46:17
0.7510783929586672,0.7560099080266399,1825.2,2024-07-02,07:46:47
0.751079021277198,0.7560080754309251,1829.5,2024-07-02,07:47:17
0.751081237845348,0.7560063126483807,1834.3,2024-07-02,07:47:47
0.751081674177661,0.7560038517341354,1838.7,2024-07-02,07:48:17
0.7510824246692394,0.7560027870832917,1844.0,2024-07-02,07:48:47
0.7510812902052256,0.7560011115672097,1845.9,2024-07-02,07:49:17
0.7510802255543818,0.7559983539469916,1851.2,2024-07-02,07:49:47
0.7510797019556062,0.7559963293650592,1853.6,2024-07-02,07:50:17
0.7510811854854705,0.7559945491292223,1860.3,2024-07-02,07:50:47
0.7510809934992527,0.755996451538107,1865.1,2024-07-02,07:51:17
0.7510812203920554,0.7559966609776172,1863.7,2024-07-02,07:51:47
0.7510829831745999,0.7559988775457671,1867.0,2024-07-02,07:52:17
0.7510836987595934,0.7559977081751683,1866.5,2024-07-02,07:52:47
0.7510837162128857,0.7559939906238616,1866.1,2024-07-02,07:53:17
0.751083960558981,0.7559911282838883,1866.1,2024-07-02,07:53:47
0.7510842747182466,0.7559896273007317,1870.4,2024-07-02,07:54:17
0.7510825642955795,0.7559900636330446,1876.6,2024-07-02,07:54:47
0.7510821628698516,0.7559899938198746,1876.6,2024-07-02,07:55:47
0.751081639271076,0.7559902556192623,1877.6,2024-07-02,07:56:17
0.7510811680321778,0.7559893305947589,1885.8,2024-07-02,07:56:47
0.7510817439908309,0.7559875154523368,1886.2,2024-07-02,07:57:17
0.7510836114931306,0.7559861366422276,1886.7,2024-07-02,07:57:47
0.7510836463997157,0.755984670565656,1885.8,2024-07-02,07:58:17
0.7510841350919064,0.7559826110771386,1893.0,2024-07-02,07:58:47
0.7510844143445865,0.755982558717261,1902.1,2024-07-02,08:15:17
0.7510849903032397,0.7559804468688662,1895.4,2024-07-02,08:15:47
0.751084361984709,0.7559790506054644,1894.4,2024-07-02,08:16:17
0.7510845016110492,0.7559780383144984,1897.3,2024-07-02,08:16:47
0.7510842223583689,0.7559763977050014,1902.6,2024-07-02,08:17:17
0.7510842398116615,0.7559748792685522,1904.5,2024-07-02,08:17:47
0.7510836987595934,0.7559739542440487,1913.6,2024-07-02,08:18:17
0.7510844143445865,0.7559723485411369,1917.0,2024-07-02,08:18:47
0.7510833147871578,0.7559717376758986,1922.8,2024-07-02,08:19:17
0.7510832449739878,0.7559707777448101,1927.6,2024-07-02,08:19:47
0.7510829831745999,0.7559699050801841,1930.5,2024-07-02,08:20:17
0.7510824072159469,0.7559692069484834,1932.9,2024-07-02,08:20:47
0.7510827388285046,0.7559681073910546,1936.2,2024-07-02,08:21:17
0.7510825293889944,0.7559663271552174,1938.6,2024-07-02,08:21:47
0.7510820406968038,0.7559648087187683,1941.0,2024-07-02,08:22:17
0.7510833846003279,0.7559639011475573,1943.0,2024-07-02,08:22:47
0.7510828086416748,0.7559617369392847,1947.8,2024-07-02,08:23:17
0.7510830355344775,0.7559608119147813,1951.1,2024-07-02,08:23:47
0.7510830006278926,0.7559600788764953,1957.9,2024-07-02,08:25:47
0.7510840303721511,0.7559579321215153,1955.0,2024-07-02,08:26:17
0.7510843445314166,0.7559564834982363,1963.6,2024-07-02,08:26:47
0.7510861771271311,0.7559561344323859,1966.0,2024-07-02,08:27:17
0.7510855837151854,0.7559550348749571,1965.5,2024-07-02,08:27:47
0.7510858978744508,0.7559535338918004,1965.1,2024-07-02,08:28:17
0.7510865960061517,0.7559520503619362,1972.3,2024-07-02,08:28:47
0.7510856186217705,0.7559514918565755,1977.6,2024-07-02,08:32:17
0.7510867007259067,0.7559491182087927,1980.5,2024-07-02,08:32:47
0.7510876955635803,0.7559474077861258,1983.3,2024-07-02,08:33:17
0.7510876082971176,0.7559452610311459,1983.3,2024-07-02,08:33:47
0.7510893710796622,0.7559438647677443,1982.4,2024-07-02,08:34:17
0.7510895456125876,0.7559436727815266,1986.7,2024-07-02,08:34:47
0.7510915527412274,0.7559425557708053,1988.1,2024-07-02,08:35:17
0.7510917970873225,0.7559404264691179,1987.2,2024-07-02,08:35:47
0.7510928442848737,0.7559399203236349,1993.0,2024-07-02,08:36:17
0.7510925999387784,0.7559379655548726,1996.3,2024-07-02,08:36:47
0.7510915178346422,0.755939623617662,2005.9,2024-07-02,08:37:17
0.7510915003813498,0.7559367089178112,2002.1,2024-07-02,08:37:47
0.7510902088377033,0.7559352253879469,2000.6,2024-07-02,08:38:17
0.7510910291424516,0.7559345447095386,2007.8,2024-07-02,08:38:47
0.7510925475789009,0.7559342305502734,2010.2,2024-07-02,08:39:17
0.7510911862220844,0.7559331309928445,2006.4,2024-07-02,08:39:47
0.7510918494472001,0.7559323455946811,2016.0,2024-07-02,08:41:47
0.7510917272741524,0.7559314205701777,2018.9,2024-07-02,08:42:17
0.7510911862220844,0.7559307922516468,2030.4,2024-07-02,08:42:47
0.7510904182772136,0.7559298497738508,2033.8,2024-07-02,08:43:17
0.7510908895161115,0.7559293785349528,2033.3,2024-07-02,08:43:47
0.7510905928101386,0.755928278977524,2030.0,2024-07-02,08:44:17
0.7510906626233088,0.7559266383680272,2030.4,2024-07-02,08:44:47
0.7510904357305059,0.7559248930387751,2030.9,2024-07-02,08:45:17
0.7510907498897713,0.7559236713082987,2030.0,2024-07-02,08:45:47
0.7510909244226965,0.7559233047891557,2030.0,2024-07-02,08:46:17
0.7510912734885469,0.7559224670311148,2036.2,2024-07-02,08:46:47
0.7510917970873225,0.7559224146712373,2043.4,2024-07-02,08:47:17
0.7510914305681796,0.7559214896467337,2044.9,2024-07-02,08:47:47
0.7510905928101386,0.7559203028228424,2050.6,2024-07-02,08:48:17
0.7510903833706285,0.7559193777983387,2051.1,2024-07-02,08:48:47
0.7510894583461248,0.755919447611509,2053.5,2024-07-02,08:52:17
0.7510890569203968,0.7559193428917539,2054.5,2024-07-02,08:52:47
0.7510877130168729,0.7559177371888419,2055.0,2024-07-02,08:53:17
0.7510862993001788,0.755916567818243,2063.6,2024-07-02,08:53:47
0.7510858629678657,0.7559157300602021,2065.5,2024-07-02,08:54:17
0.7510858629678657,0.7559153809943517,2096.8,2024-07-02,09:10:47
0.751084396891294,0.7559164456451956,2089.6,2024-07-02,09:11:17
0.7510835591332531,0.755915695153617,2086.7,2024-07-02,09:11:47
0.751083524226668,0.7559138800111951,2087.2,2024-07-02,09:12:17
0.7510825642955795,0.7559131818794943,2092.9,2024-07-02,09:12:47
0.7510822326830217,0.7559115412699975,2096.3,2024-07-02,09:13:17
0.7510818836171711,0.755909883207208,2095.8,2024-07-02,09:13:47
0.7510818312572937,0.7559084694905138,2097.2,2024-07-02,09:14:17
0.7510814123782732,0.7559073175732076,2092.4,2024-07-02,09:14:47
0.7510812552986406,0.7559059736696837,2088.6,2024-07-02,09:15:17
0.751081674177661,0.7559047170326221,2091.5,2024-07-02,09:15:47
0.7510810284058377,0.7559044203266492,2095.3,2024-07-02,09:16:17
0.7510816218177835,0.75590283207703,2100.6,2024-07-02,09:16:47
0.7510816218177835,0.755901959412404,2102.1,2024-07-02,09:17:17
0.7510817788974161,0.7559009471214377,2104.0,2024-07-02,09:17:47
0.7510807316998648,0.7559005631490023,2108.8,2024-07-02,09:18:17
0.7510801382879192,0.7558993588718186,2111.7,2024-07-02,09:18:47
0.7510798590352389,0.755898102234757,2114.1,2024-07-02,09:19:17
0.7510800510214567,0.7558972819300087,2119.8,2024-07-02,09:20:47
0.7510801557412118,0.7558963743587976,2121.3,2024-07-02,09:21:17
0.7510804175405995,0.7558955889606341,2121.3,2024-07-02,09:21:46
0.7510801906477967,0.7558949257355184,2121.3,2024-07-02,09:22:16
0.7510823548560692,0.7558956064139266,2129.9,2024-07-02,09:22:47
0.7510823723093618,0.7558953097079538,2138.6,2024-07-02,09:23:17
0.7510827911883823,0.7558954318810016,2140.0,2024-07-02,09:23:47
0.7510831402542326,0.7558948210157633,2141.9,2024-07-02,09:24:17
0.7510833846003279,0.7558948035624707,2139.6,2024-07-02,09:24:47
0.7510833496937429,0.7558937563649196,2141.5,2024-07-02,09:25:17
0.7510848506768996,0.755895449334294,2143.9,2024-07-02,09:25:47
0.7510854266355528,0.7558934771122392,2149.7,2024-07-02,09:26:17
0.7510856186217705,0.7558919761290825,2152.1,2024-07-02,09:26:47
0.7510856186217705,0.7558918714093275,2146.8,2024-07-02,09:31:17
0.7510846412373894,0.7558893930417897,2149.2,2024-07-02,09:31:47
0.7510849728499474,0.7558891137891092,2146.8,2024-07-02,09:32:17
0.7510845714242194,0.7558862339958434,2141.9,2024-07-02,09:32:47
0.7510847459571445,0.7558861292760883,2146.3,2024-07-02,09:34:17
0.7510843096248314,0.7558839650678159,2140.5,2024-07-02,09:34:47
0.7510837511194708,0.7558836858151355,2133.3,2024-07-02,09:35:17
0.7510830180811849,0.7558831098564823,2136.2,2024-07-02,09:35:47
0.751082511935702,0.7558814168871081,2142.4,2024-07-02,09:36:17
0.7510817788974161,0.755879235225543,2123.7,2024-07-02,09:36:47
0.7510802255543818,0.7558765474184949,2114.1,2024-07-02,09:37:17
0.7510811156723004,0.7558746799161952,2107.3,2024-07-02,09:37:47
0.7510820057902188,0.7558731440264534,2114.1,2024-07-02,09:38:17
0.7510822675896067,0.7558719222959771,2115.0,2024-07-02,09:38:47
0.7510807666064498,0.7558696359146571,2108.3,2024-07-02,09:39:17
0.7510804175405995,0.7558692344889292,2105.4,2024-07-02,09:39:47
0.7510817788974161,0.755869094862589,2116.5,2024-07-02,09:40:17
0.7510809934992527,0.7558676462393098,2115.0,2024-07-02,09:40:47
0.75108090623279,0.7558663023357857,2113.6,2024-07-02,09:41:17
0.7510820232435115,0.7558635970754451,2116.5,2024-07-02,09:41:47
0.7510839081991035,0.7558609441749822,2132.8,2024-07-02,09:42:17
0.7510834369602056,0.7558596700846282,2136.2,2024-07-02,09:42:47
0.7510824246692394,0.7558599493373085,2131.9,2024-07-02,09:43:17
0.7510820057902188,0.7558613281474176,2129.5,2024-07-02,09:43:47
0.7510806269801097,0.7558598969774308,2120.8,2024-07-02,09:44:17
0.7510804175405995,0.7558589544996348,2115.0,2024-07-02,09:44:47
0.7510794227029259,0.7558565983051445,2119.8,2024-07-02,09:45:17
0.7510789340107354,0.7558546784429674,2126.6,2024-07-02,09:45:47
0.7510785500382998,0.7558545388166272,2127.1,2024-07-02,09:46:17
0.7510779566263541,0.7558540675777293,2133.8,2024-07-02,09:46:47
0.7510780613461094,0.7558535963388312,2127.1,2024-07-02,09:50:17
0.7510774504808712,0.7558526364077426,2127.1,2024-07-02,09:50:47
0.7510772410413609,0.7558527760340827,2130.4,2024-07-02,09:51:47
0.7510764730964901,0.7558518161029942,2130.9,2024-07-02,09:52:17
0.7510756527917416,0.7558496518947216,2135.7,2024-07-02,09:52:47
0.7510750419265035,0.7558481160049799,2136.7,2024-07-02,09:53:17
0.7510745706876054,0.7558466150218233,2139.1,2024-07-02,09:53:47
0.7510744136079727,0.7558465975685307,2140.0,2024-07-02,09:54:17
0.7510737503828568,0.7558450442254964,2147.2,2024-07-02,09:54:47
0.7510728951715235,0.7558430021902717,2153.5,2024-07-02,09:55:17
0.7510722144931151,0.7558430894567342,2148.2,2024-07-02,10:20:17
0.75107217958653,0.7558424611382035,2145.3,2024-07-02,10:20:47
0.7510725635589656,0.7558419724460129,2144.4,2024-07-02,10:21:17
0.7510718654272648,0.7558400525838356,2139.6,2024-07-02,10:21:47
0.7510712545620267,0.7558384992408015,2140.5,2024-07-02,10:22:17
0.751070765869836,0.7558372949636175,2141.9,2024-07-02,10:22:47
0.7510721970398228,0.7558375916695904,2150.1,2024-07-02,10:23:17
0.7510730697044485,0.7558368411780121,2154.0,2024-07-02,10:23:47
0.7510723715727478,0.7558363350325289,2153.5,2024-07-02,10:24:17
0.7510718654272648,0.7558354449146105,2149.2,2024-07-02,10:24:47
0.7510721970398228,0.755833717038651,2154.9,2024-07-02,10:26:47
0.7510725635589656,0.7558319542561065,2161.7,2024-07-02,10:30:47
0.7510725984655506,0.7558318844429364,2157.3,2024-07-02,10:31:47
0.7510723017595778,0.7558315877369636,2154.0,2024-07-02,10:32:17
0.7510719352404348,0.7558313259375757,2148.2,2024-07-02,10:32:47
0.7510725635589656,0.7558284985041875,2140.0,2024-07-02,10:33:47
0.7510722144931151,0.7558267880815205,2145.8,2024-07-02,10:34:17
0.7510720574134826,0.7558257932438468,2147.2,2024-07-02,10:34:47
0.7510720923200677,0.7558256536175066,2158.3,2024-07-02,10:41:47
0.7510719177871424,0.7558251649253163,2156.9,2024-07-02,10:42:17
0.7510718479739722,0.7558248682193434,2158.3,2024-07-02,10:42:47
0.7510712196554417,0.7558213077476694,2160.2,2024-07-02,10:43:17
0.7510705040704481,0.7558189690064716,2166.0,2024-07-02,10:43:47
0.7510698582986249,0.75581764255624,2168.9,2024-07-02,10:44:17
0.7510699281117951,0.7558163510125937,2170.3,2024-07-02,10:44:47
0.7510698408453326,0.7558148325761445,2170.8,2024-07-02,10:45:17
0.7510691078070467,0.7558137679253006,2166.0,2024-07-02,10:45:47
0.7510694045130195,0.7558124938349466,2165.0,2024-07-02,10:46:17
0.7510678860765702,0.7558090380830278,2173.7,2024-07-02,10:47:47
0.7510675370107198,0.7558075894597487,2181.4,2024-07-02,10:48:17
0.7510668563323116,0.7558083224980346,2179.4,2024-07-02,10:48:47
0.7510658440413454,0.7558074672867009,2181.4,2024-07-02,10:49:17
0.7510658964012229,0.7558066120753676,2182.8,2024-07-02,10:49:47
0.7510647444839167,0.7558028596174757,2180.9,2024-07-02,10:50:17
0.751065093549767,0.7558027898043057,2180.9,2024-07-02,10:50:47
0.7510642906983112,0.755801760060047,2186.7,2024-07-02,10:51:47
0.7510639590857532,0.7558029119773532,2186.2,2024-07-02,10:52:17
0.7510631038744199,0.7558017251534619,2191.0,2024-07-02,10:52:47
0.7510630515145422,0.755800014730795,2191.5,2024-07-02,10:53:17
0.7510616203445556,0.7557979552422776,2179.0,2024-07-02,10:55:47
0.7510616552511407,0.7557962797261957,2180.4,2024-07-02,10:56:16
0.7510608174930997,0.755793975891583,2184.7,2024-07-02,10:56:47
0.7510604335206641,0.755793173040127,2188.6,2024-07-02,10:57:17
0.7510602415344465,0.7557906772192968,2195.3,2024-07-02,10:57:47
0.751059822655426,0.7557887399038271,2201.6,2024-07-02,10:58:17
0.7510591594303102,0.7557863313494593,2207.3,2024-07-02,10:58:47
0.7510586183782421,0.7557857379375138,2211.2,2024-07-02,10:59:17
0.751058443845317,0.7557848478195952,2206.8,2024-07-02,10:59:47
0.751057606087276,0.75578245671852,2208.8,2024-07-02,11:00:17
0.751057745713616,0.7557818283999892,2207.8,2024-07-02,11:00:47
0.7510575188208133,0.7557817236802341,2205.4,2024-07-02,11:02:17
0.751057065035208,0.7557813920676761,2208.3,2024-07-02,11:02:47
0.7510570301286228,0.7557777268762471,2210.7,2024-07-02,11:03:17
0.7510566112496022,0.7557765575056482,2215.0,2024-07-02,11:03:47
0.7510563843567997,0.7557749518027362,2210.7,2024-07-02,11:04:17
0.7510569079555751,0.7557727701411714,2208.3,2024-07-02,11:04:47
0.7510569254088678,0.7557714262376473,2207.3,2024-07-02,11:05:17
0.7510565763430173,0.755771618223865,2212.6,2024-07-02,11:05:47
0.7510564541699697,0.7557709026388717,2212.6,2024-07-02,11:06:17
0.7510561923705819,0.7557715309574023,2216.5,2024-07-02,11:06:47
0.7510555989586362,0.7557703790400961,2216.9,2024-07-02,11:07:17
0.7510547437473026,0.7557690351365721,2212.1,2024-07-02,11:07:47
0.7510535045635338,0.7557690874964496,2211.2,2024-07-02,11:08:17
0.7510528587917106,0.7557680053923134,2204.0,2024-07-02,11:10:17
0.7510522304731798,0.7557678483126807,2211.2,2024-07-02,11:10:47
0.7510520210336696,0.7557677435929254,2210.2,2024-07-02,11:11:17
0.7510512356355061,0.7557654921181906,2213.6,2024-07-02,11:11:47
0.7510495950260093,0.7557640434949113,2215.0,2024-07-02,11:12:17
0.7510480242296825,0.7557622632590744,2219.3,2024-07-02,11:12:47
0.7510475529907844,0.7557596278119039,2224.6,2024-07-02,12:19:17
0.7510467501393285,0.7557560673402297,2225.6,2024-07-02,12:19:47
0.7510458774747025,0.7557526639481883,2226.6,2024-07-02,12:20:17
0.7510450920765391,0.7557500285010178,2218.9,2024-07-02,12:20:47
0.7510454411423895,0.7557472708807997,2219.8,2024-07-02,12:21:17
0.7510457378483624,0.7557446179803367,2219.3,2024-07-02,12:21:47
0.7510442717717908,0.7557410749619551,2221.3,2024-07-02,12:22:17
0.751042369362906,0.7557385093279546,2219.3,2024-07-02,12:22:47
0.7510411301791371,0.7557353851885936,2222.7,2024-07-02,12:23:17
0.7510400131684158,0.7557322959558176,2224.6,2024-07-02,12:23:47
0.7510386692648918,0.7557284911380483,2225.6,2024-07-02,12:24:17
0.7510357371117483,0.7557242325346735,2226.1,2024-07-02,12:24:46
0.7510343932082244,0.7557223824856664,2227.5,2024-07-02,12:25:16
0.7510344455681021,0.7557211433018974,2228.9,2024-07-02,12:25:46
0.7510346026477347,0.7557194328792305,2231.8,2024-07-02,12:26:16
0.7510316530412988,0.7557174606571757,2236.2,2024-07-02,12:27:45
0.7510294539264412,0.7557153662620731,2236.2,2024-07-02,12:28:15
0.7510283543690125,0.7557139176387941,2236.2,2024-07-02,12:28:45
0.751027534064264,0.755710392073705,2235.7,2024-07-02,12:29:15
0.7510273246247539,0.7557092576096912,2256.3,2024-07-02,12:31:15
0.751025142963189,0.755705086272779,2256.3,2024-07-02,12:31:45
0.7510232580075967,0.7557013512681798,2259.2,2024-07-02,12:32:15
0.7510222806232155,0.7556986460078392,2261.2,2024-07-02,12:32:45
0.7510219839172427,0.7556947364703147,2255.4,2024-07-02,12:33:15
0.7510212334256644,0.7556909316525453,2258.3,2024-07-02,12:33:45
0.7510215126783447,0.7556902684274296,2260.7,2024-07-02,12:34:15
0.7510220886369978,0.755689814641824,2261.2,2024-07-02,12:34:45
0.7510209018131064,0.7556865508761228,2262.1,2024-07-02,12:35:15
0.7510209541729841,0.7556832696571292,2262.6,2024-07-02,12:35:45
0.7510206749203038,0.755679639372285,2266.4,2024-07-02,12:36:15
0.7510196800826302,0.755676986471822,2268.4,2024-07-02,12:36:45
0.7510195230029973,0.7556733736402702,2269.3,2024-07-02,12:37:15
0.7510194531898274,0.7556711047122426,2271.2,2024-07-02,12:37:45
0.7510189295910517,0.7556688881440926,2272.7,2024-07-02,12:38:15
0.7510175856875277,0.7556662003370445,2275.1,2024-07-02,12:41:45
0.7510168002893644,0.755663390356949,2275.6,2024-07-02,12:42:15
0.7510159450780308,0.7556597775253971,2277.0,2024-07-02,12:42:45
0.7510138506829285,0.7556569500920091,2279.4,2024-07-02,12:43:15
0.7510096444394312,0.7556531801808246,2279.4,2024-07-02,12:43:45
0.751008632148465,0.7556483630720893,2278.9,2024-07-02,12:44:15
0.7510082481760296,0.7556434936034762,2281.3,2024-07-02,12:44:45
0.7510082132694446,0.7556427431118978,2283.3,2024-07-02,12:45:15
0.7510080387365194,0.7556415039281288,2287.6,2024-07-02,12:45:45
0.751005141489961,0.7556367217259784,2289.0,2024-07-02,12:46:15
0.7510026805757156,0.7556328645483315,2290.0,2024-07-02,12:46:45
0.7510003592878105,0.7556295309694602,2289.5,2024-07-02,12:47:15
0.7509966417365037,0.7556243647948743,2287.6,2024-07-02,12:47:45
0.7509963973904086,0.7556219038806289,2294.3,2024-07-02,12:48:15
0.7509965370167486,0.7556202981777171,2298.2,2024-07-02,12:48:45
0.7509957167120004,0.7556187797412679,2296.2,2024-07-02,12:49:15
0.7509935001438504,0.7556159697611722,2294.8,2024-07-02,12:49:45
0.7509934477839726,0.7556122871164505,2298.7,2024-07-02,12:50:15
0.7509914057487478,0.7556095294962323,2298.2,2024-07-02,12:50:45
0.7509919642541084,0.7556052708928575,2300.1,2024-07-02,12:51:15
0.7509906901637545,0.7556037350031156,2296.2,2024-07-02,12:51:45
0.7509922260534964,0.7556039095360408,2298.7,2024-07-02,12:52:15
0.7509920689738635,0.7556037350031156,2304.4,2024-07-02,12:52:45
0.7509923133199587,0.7555991098805979,2302.5,2024-07-02,12:54:15
0.7509921911469113,0.7555951130766109,2299.6,2024-07-02,12:54:45
0.7509913359355777,0.755590959192991,2297.7,2024-07-02,12:55:15
0.7509948615006667,0.7555885331853308,2307.8,2024-07-02,12:55:45
0.7509944251683537,0.7555854614058473,2312.6,2024-07-02,12:56:15
0.7509923307732514,0.7555840302358607,2315.0,2024-07-02,12:56:45
0.7509910915894824,0.7555837684364729,2319.3,2024-07-02,12:57:15
0.7509891891805978,0.7555826165191666,2322.7,2024-07-02,12:57:45
0.7509874613046384,0.7555779913966488,2321.7,2024-07-02,12:58:15
0.7509867980795225,0.7555757224686211,2318.8,2024-07-02,12:58:46
0.7509871296920805,0.7555722143568246,2313.6,2024-07-02,12:59:17
0.7509878627303663,0.7555696661761166,2319.3,2024-07-02,12:59:47
0.7509886306752371,0.7555669609157762,2322.7,2024-07-02,13:00:17
0.7509883514225568,0.7555627197656938,2324.6,2024-07-02,13:00:47
0.7509892066338903,0.75555929892036,2326.1,2024-07-02,13:01:17
0.7509902363781489,0.7555576234042781,2333.3,2024-07-02,13:01:47
0.7509900618452239,0.7555530855482228,2338.1,2024-07-02,13:02:17
0.7509904458176593,0.7555490363843582,2332.8,2024-07-02,13:02:47
0.7509907250703396,0.7555448650474459,2340.5,2024-07-02,13:03:17
0.7509910043230199,0.7555433640642892,2343.3,2024-07-02,13:03:47
0.7509907948835095,0.7555428230122211,2332.3,2024-07-02,13:18:17
0.750992051520571,0.7555384422357986,2333.3,2024-07-02,13:18:47
0.7509921038804486,0.7555338520198659,2335.2,2024-07-02,13:19:17
0.7509909345098497,0.755529191990763,2334.2,2024-07-02,13:19:47
0.7509895556997407,0.7555245145083678,2335.7,2024-07-02,13:20:17
0.750987618384271,0.7555208842235236,2337.6,2024-07-02,13:20:47
0.7509883514225568,0.7555166954333187,2340.5,2024-07-02,13:21:17
0.7509881943429242,0.7555121226706785,2341.9,2024-07-02,13:21:47
0.7509884386890194,0.7555073579218206,2345.3,2024-07-02,13:22:17
0.7509860824945293,0.7555042163291669,2353.0,2024-07-02,13:22:47
0.7509851051101482,0.7554996086599417,2356.3,2024-07-02,13:23:17
0.7509830107150457,0.7554961703613151,2357.8,2024-07-02,13:23:47
0.7509821555037123,0.7554942679524307,2358.7,2024-07-02,13:24:17
0.7509824522096851,0.755490585307709,2357.3,2024-07-02,13:24:47
0.7509818937043244,0.755488106940171,2358.7,2024-07-02,13:25:17
0.7509816668115218,0.7554855762127558,2361.1,2024-07-02,13:25:47
0.7509825394761477,0.7554824869799798,2359.2,2024-07-02,13:26:17
0.7509818587977395,0.7554790661346458,2365.5,2024-07-02,13:26:47
0.7509809337732359,0.7554747900779782,2369.8,2024-07-02,13:27:17
0.7509800436553175,0.7554739697732299,2373.2,2024-07-02,13:27:47
0.7509777921805822,0.7554723291637331,2372.7,2024-07-02,13:29:17
0.7509755057992621,0.7554697286231474,2372.2,2024-07-02,13:29:47
0.7509733590442822,0.7554673898819501,2372.7,2024-07-02,13:30:17
0.7509713868222274,0.7554664124975687,2375.1,2024-07-02,13:30:47
0.7509711075695471,0.7554631836384526,2374.1,2024-07-02,13:31:17
0.7509720675006357,0.7554611416032277,2375.6,2024-07-02,13:31:47
0.7509707585036968,0.7554578429309414,2375.1,2024-07-02,13:32:17
0.7509692226139549,0.7554551900304785,2379.4,2024-07-02,13:32:47
0.7509689084546897,0.7554540904730497,2378.0,2024-07-02,13:33:17
0.750967651817628,0.7554501634822327,2381.3,2024-07-02,13:33:47
0.7509669885925125,0.7554468997165315,2382.8,2024-07-02,13:34:17
0.7509663079141041,0.7554437057640003,2385.7,2024-07-02,13:34:47
0.750965836675206,0.7554415066491428,2389.5,2024-07-02,13:35:17
0.75096482438424,0.7554394820672105,2386.6,2024-07-02,13:35:47
0.7509625554562124,0.7554371607793053,2390.5,2024-07-02,13:36:17
0.7509623634699948,0.7554367768068698,2386.6,2024-07-02,13:36:47
0.7509617176981714,0.7554364626476046,2391.4,2024-07-02,13:37:17
0.7509605832341576,0.75543469986506,2394.3,2024-07-02,13:37:47
0.7509595360366064,0.755430807780828,2396.2,2024-07-02,13:38:17
0.7509585761055179,0.7554281374270725,2398.6,2024-07-02,13:38:47
0.7509587680917356,0.7554258510457524,2403.4,2024-07-02,13:39:17
0.7509595883964839,0.7554229363459016,2402.9,2024-07-02,13:39:47
0.7509593964102662,0.7554209466705544,2403.9,2024-07-02,13:40:17
0.7509606530473277,0.7554191664347174,2404.4,2024-07-02,13:40:47
0.7509616478850012,0.7554174909186355,2403.9,2024-07-02,13:41:17
0.7509618049646339,0.755415396523533,2408.2,2024-07-02,13:41:47
0.7509627648957227,0.7554139129936688,2408.7,2024-07-02,13:42:17
0.750961473352076,0.7554130228757502,2408.2,2024-07-02,13:42:47
0.7509612115526882,0.7554130228757502,2408.7,2024-07-02,13:43:17
0.7509617526047565,0.755411940771614,2409.7,2024-07-02,13:44:17
0.7509627648957227,0.7554098463765117,2409.2,2024-07-02,13:44:47
0.7509633757609607,0.7554098812830967,2415.9,2024-07-02,13:49:17
0.7509631314148655,0.7554078043412867,2417.4,2024-07-02,13:49:47
0.75096260781609,0.7554080661406747,2409.2,2024-07-02,13:53:17
0.7509625205496273,0.7554084326598175,2408.2,2024-07-02,13:53:47
0.7509622063903619,0.7554086944592053,2409.2,2024-07-02,13:54:17
0.7509617176981714,0.755408083593967,2408.7,2024-07-02,13:54:47
0.7509610544730557,0.7554062160916675,2408.7,2024-07-02,13:55:17
0.7509601818084296,0.755404592935463,2417.4,2024-07-02,13:55:47
0.7509595011300214,0.755402777793041,2415.9,2024-07-02,13:56:17
0.7509593440503887,0.7554023589140206,2420.3,2024-07-02,13:56:47
0.7509599898222119,0.755402236740973,2418.3,2024-07-02,13:57:17
0.7509588553581981,0.755400962650619,2415.0,2024-07-02,13:57:47
0.7509591695174634,0.7553985890028362,2417.4,2024-07-02,13:58:17
0.7509590822510009,0.75539757671187,2421.7,2024-07-02,13:58:47
0.7509588379049057,0.755395691756278,2425.5,2024-07-02,13:59:17
0.7509587157318579,0.7553955695832302,2427.9,2024-07-02,13:59:47
0.7509588902647831,0.7553950983443323,2425.5,2024-07-02,14:00:17
0.7509594662234363,0.7553932308420327,2423.1,2024-07-02,14:00:47
0.7509595534898988,0.755392637430087,2422.2,2024-07-02,14:01:47
0.7509590298911233,0.7553913284331479,2424.6,2024-07-02,14:02:17
0.7509594138635589,0.7553908048343723,2424.6,2024-07-02,14:03:47
0.7509586110121028,0.7553902114224267,2427.9,2024-07-02,14:04:17
0.7509593615036813,0.7553890071452429,2424.1,2024-07-02,14:05:17
0.7509597629294091,0.7553876457884262,2423.1,2024-07-02,14:05:47
0.750960024728797,0.7553866684040451,2422.2,2024-07-02,14:06:17
0.7509594313168513,0.7553874188956236,2424.6,2024-07-02,14:06:47
0.7509593440503887,0.7553872967225759,2424.6,2024-07-02,14:07:17
0.7509588029983206,0.7553867556705078,2421.7,2024-07-02,14:09:17
0.7509590124378308,0.7553847659951605,2423.6,2024-07-02,14:09:47
0.750959256783926,0.755382531973718,2422.7,2024-07-02,14:10:47
0.7509593265970962,0.7553806121115408,2431.3,2024-07-02,14:14:17
0.750958820451613,0.7553790238619212,2433.2,2024-07-02,14:14:47
0.7509592393306336,0.755377941757785,2434.2,2024-07-02,14:15:47
0.7509595883964839,0.7553773832524244,2436.6,2024-07-02,14:16:17
0.7509595883964839,0.7553763186015808,2439.0,2024-07-02,14:19:47
0.750959623303069,0.7553748874315941,2438.0,2024-07-02,14:20:17
0.7509597978359941,0.7553740496735531,2433.7,2024-07-02,14:23:17
0.7509596058497765,0.7553736657011177,2434.7,2024-07-02,14:23:47
0.750959623303069,0.7553734737149002,2434.2,2024-07-02,14:24:17
0.7509601469018445,0.7553717109323556,2436.1,2024-07-02,14:24:47
0.7509596756629466,0.75537111752041,2437.1,2024-07-02,14:25:17
0.7509589949845382,0.7553711000671173,2440.9,2024-07-02,14:36:17
0.75095824449296,0.7553697038037158,2441.9,2024-07-02,14:37:17
0.7509577558007693,0.7553691103917701,2440.4,2024-07-02,14:37:47
0.7509576510810143,0.7553677490349535,2440.4,2024-07-02,14:38:17
0.7509577034408919,0.7553663527715521,2442.4,2024-07-02,14:38:47
0.7509576510810143,0.7553652008542455,2442.8,2024-07-02,14:39:17
0.7509569180427283,0.7553652532141232,2442.8,2024-07-02,14:39:47
0.7509562024577351,0.7553627050334152,2440.4,2024-07-02,14:40:17
0.75095609773798,0.755361989448422,2442.8,2024-07-02,14:40:47
0.7509551378068914,0.7553615705694015,2447.2,2024-07-02,14:41:17
0.7509543000488504,0.7553595808940543,2449.1,2024-07-02,14:41:47
0.7509529561453263,0.7553587780425982,2447.7,2024-07-02,14:42:17
0.7509517518681424,0.7553568232738361,2449.6,2024-07-02,14:42:47
0.7509502508849858,0.7553561949553054,2452.5,2024-07-02,14:43:17
0.7509497621927952,0.7553535246015498,2451.5,2024-07-02,14:43:47
0.750948680088659,0.7553542227332506,2454.4,2024-07-02,14:44:17
0.7509482088497609,0.7553534896949647,2458.2,2024-07-02,14:44:47
0.7509482263030535,0.7553508542477942,2457.8,2024-07-02,14:45:17
0.7509476677976928,0.7553483933335489,2455.8,2024-07-02,14:45:47
0.7509475805312302,0.7553476952018482,2456.8,2024-07-02,14:46:17
0.7509474583581827,0.7553474857623379,2457.8,2024-07-02,14:46:47
0.7509469871192845,0.7553465781911268,2458.7,2024-07-02,14:47:17
0.7509463588007539,0.755343593678106,2460.6,2024-07-02,14:47:47
0.750945189430155,0.7553412723902008,2461.1,2024-07-02,14:48:17
0.7509429205021274,0.7553406266183775,2466.9,2024-07-02,14:48:47
0.7509422921835968,0.7553377293718193,2466.4,2024-07-02,14:49:17
0.7509420652907939,0.7553362632952475,2471.7,2024-07-02,14:51:17
0.7509407039339774,0.7553338896474648,2471.2,2024-07-02,14:51:47
0.7509400232555692,0.7553317952523625,2472.2,2024-07-02,14:52:17
0.7509390633244805,0.7553300324698179,2477.4,2024-07-02,14:52:47
0.7509397265495963,0.7553294041512872,2479.9,2024-07-02,14:53:17
0.7509397090963037,0.7553280951543483,2478.4,2024-07-02,14:53:47
0.7509391505909431,0.7553272050364298,2481.8,2024-07-02,14:54:17
0.7509380510335144,0.7553249710149872,2484.2,2024-07-02,14:54:47
0.7509376321544939,0.7553236445647556,2485.6,2024-07-02,14:55:17
0.7509368293030381,0.7553218992355037,2488.0,2024-07-02,14:55:47
0.750936392970725,0.7553212011038027,2488.5,2024-07-02,14:56:17
0.750936026451582,0.7553201189996666,2488.0,2024-07-02,14:56:47
0.7509358344653644,0.7553186529230949,2490.9,2024-07-02,14:57:17
0.7509355552126841,0.7553179198848089,2493.3,2024-07-02,14:57:47
0.7509345254684253,0.7553169774070129,2491.4,2024-07-02,14:58:17
0.7509349792540309,0.755314865558618,2493.3,2024-07-02,14:58:47
0.7509345429217179,0.7553122650180326,2494.8,2024-07-02,14:59:17
0.7509342636690376,0.7553115145264543,2495.7,2024-07-02,14:59:47
